company_id,company_name,broad_sector,sub_sector,year,net_profit_margin_pct_final,operating_profit_margin_pct_final,return_on_equity_pct_final,return_on_assets_pct,return_on_capital_employed_pct,debt_to_equity_final,interest_coverage_final,debt_to_assets_pct,borrowings_to_equity_pct,asset_turnover_final,sales_to_assets,sales_to_fixed_assets,free_cash_flow_cr_final,cash_from_operations_cr_final,fcf_margin_pct,cfo_to_net_profit,capex_to_sales_pct,pe_ratio_final,pb_ratio_final,ev_ebitda_final,dividend_yield_pct_final,market_cap_crore_final,enterprise_value_crore_final,earnings_per_share_final,book_value_per_share_final,dividend_payout_ratio_pct_final,sales_growth_pct,net_profit_growth_pct,eps_growth_pct,market_cap_growth_pct,total_assets_final,total_liabilities_final,reserves_final,borrowings_final,health_score,health_band
COALINDIA,Coal India Ltd,Materials,Mining & Metals,2024-03,26.26,47971.0,45.17,15.802850255846408,105.7129732333927,0.0788,11.2418,2.758489448978729,7.88468512027076,0.6019,0.6018691588785047,1.880900777078818,13617.0,18103.0,9.56760630673674,0.4844389734806925,3.151963126387679,,,,,,,61.0,1.3424,42.0,2.9453461794404445,17.79781231283295,17.307692307692314,,236470.0,236470.0,76567.0,6523.0,56.74,Average
BEL,Bharat Electronics Ltd,Industrials,Defence Electronics,2024-03,19.66,25.0,4744.05,2475.1552795031057,3946.09375,0.5119,476.75,26.70807453416149,51.19047619047619,125.8882,125.88819875776396,1126.0,-1265.0,4659.0,-6.241365699625025,1.1691342534504392,29.228340240773637,,,,,,,5.0,0.7636,40.0,14.288936506146378,33.45612860013396,25.0,,161.0,161.0,73.0,43.0,53.41,Average
HAL,Hindustan Aeronautics Ltd,Industrials,Defence & Aerospace,2024-03,25.0,32.0,3816.58,1687.7777777777776,3018.266253869969,0.6181,270.8837,27.33333333333333,61.80904522613066,67.5133,67.51333333333334,126.5875,1814.0,8226.0,5.970837036305586,1.083080974325214,21.105296073203647,,,,,,,114.0,3.98,31.0,12.823083778966126,30.70039580106694,31.034482758620683,,450.0,450.0,194.0,123.0,51.99,Average
HINDALCO,Hindalco Industries Ltd,Materials,Metals & Mining,2024-03,4.7,23872.0,9.57,4.401381743475944,118.20777590429655,0.5309,126.4654,24.425826640603667,53.09290976579428,0.936,0.9360228499109322,1.931508809587693,9789.0,24056.0,4.532741871255128,2.368882323978336,6.606254804085904,,,,,,,45.0,47.8135,8.0,-3.2436985331672608,0.5744280479350383,0.0,,230723.0,230723.0,105924.0,56356.0,51.84,Average
BAJAJHLDNG,Bajaj Holdings & Investment Ltd,Financials,Holding Companies,2024-03,432.73,92.0,13.58,11.302773131167417,2.8760817529000184,0.0012,3764.5,0.0966835990853424,0.1161354544951794,0.0261,0.0261199183560718,6.975409836065574,1469.0,1941.0,86.310223266745,0.2635437881873727,27.73207990599295,,,,,,,653.0,48.8712,20.0,226.0536398467433,48.90820865345733,49.77064220183487,,65161.0,65161.0,54136.0,63.0,51.79,Average
BAJFINANCE,Bajaj Finance Ltd,Financials,Consumer Finance,2024-03,26.29,19987.0,18.84,3.845990067652804,4.350587230638684,3.8248,2689.1667,78.07112327075492,382.47887764681343,0.1463,0.1463025160881668,16.914461538461538,-79931.0,-72760.0,-145.40311431274102,-5.034945678499758,13.044822818889616,,,,,,,233.0,61.8516,15.0,32.74733766390572,25.573514077163708,22.631578947368425,,375742.0,375742.0,76572.0,293346.0,51.76,Average
INDIGO,Interglobe Aviation Ltd,Consumer Discretionary,Airlines,2024-03,11.85,16331.0,892.57,668.3306055646481,5640.87982832618,0.0186,22.6126,1.391162029459902,1.8579234972677596,56.3863,56.38625204582652,125.73722627737226,9424.0,21183.0,13.676999883896436,2.593730868127832,17.065772669220944,,,,,,,212.0,1.9062,0.0,26.55475149689601,-2676.340694006309,-2750.0,,1222.0,1222.0,867.0,17.0,51.36,Average
PNB,Punjab National Bank,Financials,Public Sector Banks,2024-03,8.4,,61.31999999999999,12.652858189053626,,3.6843,,76.02078180486659,368.4256345007701,1.507,1.5070262950629396,529.4417475728155,-29445.0,-27939.0,-26.997661944711872,-3.0511084416293546,1.3808279466373263,,,,,,,8.0,5.7435,18.0,25.58581380620646,172.61089610002975,166.66666666666666,,72371.0,72371.0,14673.0,55017.0,50.0,Average
HINDUNILVR,"Hindustan Unilever Ltd
",Consumer Staples,FMCG,2024-03,16.61,14659.0,20.07,13.099924830230988,89.63037455884027,0.029,57.847,1.890710800239524,2.897418876176344,0.7886,0.7885945801322478,1.1516820482286394,10145.0,15469.0,16.39039679462324,1.504473837774752,8.601525138942742,,,,,,,44.0,21.7949,96.0,2.172334103664575,1.370403233757278,2.3255813953488413,,78489.0,78489.0,50983.0,1484.0,49.94,Average
TCS,Tata Consultancy Services Ltd,Information Technology,IT Services,2024-03,19.14,27.0,50.94,31.689259788825343,65.26850065983149,0.0886,87.0951,5.513775846898373,8.86406082507266,1.6559,1.6559406621205457,12.287951438481942,50429.0,44338.0,20.934190698774973,0.9617996051975096,2.528508507926756,,,,,,,127.0,24.997,58.0,6.846064455463985,8.973358863437575,10.43478260869566,,145472.0,145472.0,90127.0,8021.0,48.23,Weak
AXISBANK,Axis Bank Ltd,Financials,Private Banks,2024-03,22.73,11952.0,15.83,1.6374892227113125,2.612567701741896,8.2491,1.6912,85.31608001111815,824.9122739980767,0.072,0.0720367478374617,18.663651877133105,-14556.0,-5555.0,-13.30907295485924,-0.2234423394071035,8.229937185125584,,,,,,,81.0,25.4494,1.0,28.42163355408389,159.50939457202503,161.29032258064515,,1518239.0,1518239.0,156406.0,1295302.0,48.1,Weak
CIPLA,"Cipla Ltd
",Healthcare,Pharmaceuticals,2024-03,16.12,6291.0,15.55,12.768573448498447,71.45529230543534,0.0209,35.3388,1.7182553099929303,2.0931625851868496,0.7922,0.7922417237881536,2.682835432497137,1152.0,4134.0,4.469620547838908,0.9951853635050554,11.569799022270503,,,,,,,51.0,16.5876,25.0,13.2773700171406,46.62901517825626,45.71428571428571,,32533.0,32533.0,26545.0,559.0,47.95,Weak
RELIANCE,"Reliance Industries Ltd
",Energy,Conglomerates,2024-03,8.790000000000001,18.0,9.96,4.502440958879758,12.974182257168223,0.5785,7.7289,26.152618048053387,57.84524141094746,0.5123,0.5122600635424216,1.1526388327980666,45207.0,158788.0,5.028357994796678,2.00946595798532,12.633572884885115,,,,,,,51.0,11.7275,10.0,2.58387760783938,6.65694849368319,4.081632653061229,,1755048.0,1755048.0,786715.0,458991.0,47.88,Weak
TATAMOTORS,Tata Motors Ltd,Consumer Discretionary,Automobiles,2024-03,7.26,14.0,37.46,8.607629877598297,30.98016973582196,1.2631,6.5302,29.02730832618444,126.31244259167669,1.1851,1.1851234435931923,3.6107350455538607,45133.0,67915.0,10.306032041796826,2.135221806520577,5.2022250232915,,,,,,,94.0,11.0859,7.0,26.58085886804233,1082.416356877323,1242.857142857143,,369521.0,369521.0,84152.0,107262.0,47.87,Weak
HEROMOTOCO,"Hero MotoCorp Ltd
",Consumer Discretionary,Two Wheelers,2024-03,9.9,5235.0,21.14,14.30810996826368,177.83240467606248,0.0342,47.2685,2.3171337896226056,3.423922255494661,1.4449,1.4449202768324858,6.063703465982028,3095.0,4923.0,8.190214083463442,1.3156066274719402,4.8373865410569215,,,,,,,187.0,44.2475,75.0,10.630013466830611,33.64285714285715,32.62411347517731,,26153.0,26153.0,17659.0,606.0,47.81,Weak
ONGC,Oil & Natural Gas Corpn Ltd,Energy,Oil & Gas Exploration,2024-03,9.66,17.0,16.94,8.044955154739396,20.9759898500972,0.4544,11.3613,21.581658387035876,45.444863084819175,0.8332,0.8332173339682772,1.9815314922902687,42060.0,99263.0,7.111985877483108,1.7383758603176829,9.672537521390066,,,,,,,39.0,5.3588,31.0,-6.467749817726332,74.20525962535847,39.28571428571428,,709774.0,709774.0,330780.0,153181.0,47.81,Weak
IOC,"Indian Oil Corporation
",Energy,Oil & Gas Refining,2024-03,5.56,10.0,23.53,8.941893540895371,23.93527483514953,0.7231,10.2823,27.47724697161491,72.30954600718582,1.6084,1.6084096601703397,3.961020010408269,39635.0,71099.0,5.1052872923622274,1.6472973286068442,4.052800791393595,,,,,,,30.0,1.3318,40.0,-7.769947585761194,268.7713602187286,328.57142857142856,,482683.0,482683.0,169645.0,132628.0,47.73,Weak
ITC,"ITC Ltd
",Consumer Staples,Diversified FMCG,2024-03,29.28,37.0,27.85,22.61590775334045,35.06616762464911,0.0041,362.9625,0.3302308346230136,0.4066731984914169,0.7723,0.7723477995509732,2.5473040977713874,18742.0,17179.0,26.44709733863912,0.8278637174112091,2.205571077808822,,,,,,,16.0,5.9701,84.0,-0.0747331462654599,6.541048416080497,6.666666666666665,,91754.0,91754.0,73259.0,303.0,47.66,Weak
DIVISLAB,Divis Laboratories Ltd,Healthcare,Pharmaceuticals,2024-03,20.4,28.0,11.79,10.34928848641656,16.281125681449833,0.0002,636.25,0.019404915912031,0.0221059612408812,0.5074,0.5074385510996119,1.6554125342899346,992.0,1261.0,12.644996813256853,0.788125,3.4289356277884,,,,,,,60.0,25.6057,50.0,1.0042487446890735,-12.28070175438597,-13.043478260869568,,15460.0,15460.0,13518.0,3.0,47.49,Weak
ICICIGI,ICICI Lombard General Insurance Company Ltd,Financials,General Insurance,2024-03,9.37,2577.0,15.72,3.031212484993997,146.3235294117647,0.0029,160.0268,0.0552852720035382,0.2867677181482999,0.3236,0.3236083907247109,22.029032258064515,486.0,2407.0,2.3722360521306194,1.2542991141219386,9.37667789329819,,,,,,,39.0,2.4757,28.0,14.606175878272554,10.989010989010994,11.428571428571432,,63308.0,63308.0,11712.0,35.0,47.35,Weak
